correlation_id,scenario_id,sla_index,start_timestamp,start_ts_ms,end_timestamp,end_ts_ms,duration_ms,success,http_code,error
C4_200-1-98c767b7,C4_200,1,2025-12-26T20:10:35.913599+00:00,1766779835913,2025-12-26T20:10:36.923171+00:00,1766779836923,1010,False,429,"HTTP 429: {""success"":false,""reason"":""business_error"",""detail"":""SEM-CSMF: SEM-CSMF erro HTTP 429: {\""detail\"": \""Rate limit exceeded\""}"",""phase"":""semantic"",""upstream_status"":429}"
C4_200-3-9308dc3b,C4_200,3,2025-12-26T20:10:35.914880+00:00,1766779835914,2025-12-26T20:10:36.939979+00:00,1766779836939,1025,False,429,"HTTP 429: {""success"":false,""reason"":""business_error"",""detail"":""SEM-CSMF: SEM-CSMF erro HTTP 429: {\""detail\"": \""Rate limit exceeded\""}"",""phase"":""semantic"",""upstream_status"":429}"
C4_200-2-b1819723,C4_200,2,2025-12-26T20:10:35.914148+00:00,1766779835914,2025-12-26T20:10:36.940781+00:00,1766779836940,1026,False,429,"HTTP 429: {""success"":false,""reason"":""business_error"",""detail"":""SEM-CSMF: SEM-CSMF erro HTTP 429: {\""detail\"": \""Rate limit exceeded\""}"",""phase"":""semantic"",""upstream_status"":429}"
C4_200-4-d2622603,C4_200,4,2025-12-26T20:10:35.918289+00:00,1766779835918,2025-12-26T20:10:37.009773+00:00,1766779837009,1091,False,429,"HTTP 429: {""success"":false,""reason"":""business_error"",""detail"":""SEM-CSMF: SEM-CSMF erro HTTP 429: {\""detail\"": \""Rate limit exceeded\""}"",""phase"":""semantic"",""upstream_status"":429}"
C4_200-5-4a51cef4,C4_200,5,2025-12-26T20:10:35.919580+00:00,1766779835919,2025-12-26T20:10:37.038102+00:00,1766779837038,1119,False,429,"HTTP 429: {""success"":false,""reason"":""business_error"",""detail"":""SEM-CSMF: SEM-CSMF erro HTTP 429: {\""detail\"": \""Rate limit exceeded\""}"",""phase"":""semantic"",""upstream_status"":429}"
C4_200-6-e127e9aa,C4_200,6,2025-12-26T20:10:35.922189+00:00,1766779835922,2025-12-26T20:10:37.112441+00:00,1766779837112,1190,False,429,"HTTP 429: {""success"":false,""reason"":""business_error"",""detail"":""SEM-CSMF: SEM-CSMF erro HTTP 429: {\""detail\"": \""Rate limit exceeded\""}"",""phase"":""semantic"",""upstream_status"":429}"
C4_200-8-671a68d1,C4_200,8,2025-12-26T20:10:35.923513+00:00,1766779835923,2025-12-26T20:10:37.131073+00:00,1766779837131,1208,False,429,"HTTP 429: {""success"":false,""reason"":""business_error"",""detail"":""SEM-CSMF: SEM-CSMF erro HTTP 429: {\""detail\"": \""Rate limit exceeded\""}"",""phase"":""semantic"",""upstream_status"":429}"
C4_200-7-82b3e994,C4_200,7,2025-12-26T20:10:35.922464+00:00,1766779835922,2025-12-26T20:10:37.146568+00:00,1766779837146,1224,False,429,"HTTP 429: {""success"":false,""reason"":""business_error"",""detail"":""SEM-CSMF: SEM-CSMF erro HTTP 429: {\""detail\"": \""Rate limit exceeded\""}"",""phase"":""semantic"",""upstream_status"":429}"
C4_200-9-419655f2,C4_200,9,2025-12-26T20:10:35.925546+00:00,1766779835925,2025-12-26T20:10:37.203234+00:00,1766779837203,1278,False,429,"HTTP 429: {""success"":false,""reason"":""business_error"",""detail"":""SEM-CSMF: SEM-CSMF erro HTTP 429: {\""detail\"": \""Rate limit exceeded\""}"",""phase"":""semantic"",""upstream_status"":429}"
C4_200-10-1155e400,C4_200,10,2025-12-26T20:10:35.926558+00:00,1766779835926,2025-12-26T20:10:37.221401+00:00,1766779837221,1295,False,429,"HTTP 429: {""success"":false,""reason"":""business_error"",""detail"":""SEM-CSMF: SEM-CSMF erro HTTP 429: {\""detail\"": \""Rate limit exceeded\""}"",""phase"":""semantic"",""upstream_status"":429}"
C4_200-11-2f354cc6,C4_200,11,2025-12-26T20:10:35.927733+00:00,1766779835927,2025-12-26T20:10:37.238895+00:00,1766779837238,1311,False,429,"HTTP 429: {""success"":false,""reason"":""business_error"",""detail"":""SEM-CSMF: SEM-CSMF erro HTTP 429: {\""detail\"": \""Rate limit exceeded\""}"",""phase"":""semantic"",""upstream_status"":429}"
C4_200-12-275d01ca,C4_200,12,2025-12-26T20:10:35.928929+00:00,1766779835928,2025-12-26T20:10:37.319321+00:00,1766779837319,1391,False,429,"HTTP 429: {""success"":false,""reason"":""business_error"",""detail"":""SEM-CSMF: SEM-CSMF erro HTTP 429: {\""detail\"": \""Rate limit exceeded\""}"",""phase"":""semantic"",""upstream_status"":429}"
C4_200-13-2376e78b,C4_200,13,2025-12-26T20:10:35.930002+00:00,1766779835930,2025-12-26T20:10:37.340429+00:00,1766779837340,1410,False,429,"HTTP 429: {""success"":false,""reason"":""business_error"",""detail"":""SEM-CSMF: SEM-CSMF erro HTTP 429: {\""detail\"": \""Rate limit exceeded\""}"",""phase"":""semantic"",""upstream_status"":429}"
C4_200-14-def20ad5,C4_200,14,2025-12-26T20:10:35.931223+00:00,1766779835931,2025-12-26T20:10:37.406921+00:00,1766779837406,1475,False,429,"HTTP 429: {""success"":false,""reason"":""business_error"",""detail"":""SEM-CSMF: SEM-CSMF erro HTTP 429: {\""detail\"": \""Rate limit exceeded\""}"",""phase"":""semantic"",""upstream_status"":429}"
C4_200-15-b6ca3780,C4_200,15,2025-12-26T20:10:35.932220+00:00,1766779835932,2025-12-26T20:10:37.423348+00:00,1766779837423,1491,False,429,"HTTP 429: {""success"":false,""reason"":""business_error"",""detail"":""SEM-CSMF: SEM-CSMF erro HTTP 429: {\""detail\"": \""Rate limit exceeded\""}"",""phase"":""semantic"",""upstream_status"":429}"
C4_200-16-9c7b7daf,C4_200,16,2025-12-26T20:10:35.933961+00:00,1766779835933,2025-12-26T20:10:37.439809+00:00,1766779837439,1506,False,429,"HTTP 429: {""success"":false,""reason"":""business_error"",""detail"":""SEM-CSMF: SEM-CSMF erro HTTP 429: {\""detail\"": \""Rate limit exceeded\""}"",""phase"":""semantic"",""upstream_status"":429}"
C4_200-17-1ca590e1,C4_200,17,2025-12-26T20:10:35.934149+00:00,1766779835934,2025-12-26T20:10:37.507951+00:00,1766779837507,1573,False,429,"HTTP 429: {""success"":false,""reason"":""business_error"",""detail"":""SEM-CSMF: SEM-CSMF erro HTTP 429: {\""detail\"": \""Rate limit exceeded\""}"",""phase"":""semantic"",""upstream_status"":429}"
C4_200-19-e14fae1e,C4_200,19,2025-12-26T20:10:35.936345+00:00,1766779835936,2025-12-26T20:10:37.530595+00:00,1766779837530,1594,False,429,"HTTP 429: {""success"":false,""reason"":""business_error"",""detail"":""SEM-CSMF: SEM-CSMF erro HTTP 429: {\""detail\"": \""Rate limit exceeded\""}"",""phase"":""semantic"",""upstream_status"":429}"
C4_200-18-08fbcdd5,C4_200,18,2025-12-26T20:10:35.935339+00:00,1766779835935,2025-12-26T20:10:37.598049+00:00,1766779837598,1663,False,429,"HTTP 429: {""success"":false,""reason"":""business_error"",""detail"":""SEM-CSMF: SEM-CSMF erro HTTP 429: {\""detail\"": \""Rate limit exceeded\""}"",""phase"":""semantic"",""upstream_status"":429}"
C4_200-20-b952aa00,C4_200,20,2025-12-26T20:10:35.938294+00:00,1766779835938,2025-12-26T20:10:37.616311+00:00,1766779837616,1678,False,429,"HTTP 429: {""success"":false,""reason"":""business_error"",""detail"":""SEM-CSMF: SEM-CSMF erro HTTP 429: {\""detail\"": \""Rate limit exceeded\""}"",""phase"":""semantic"",""upstream_status"":429}"
C4_200-21-c4754a62,C4_200,21,2025-12-26T20:10:35.939438+00:00,1766779835939,2025-12-26T20:10:37.634508+00:00,1766779837634,1695,False,429,"HTTP 429: {""success"":false,""reason"":""business_error"",""detail"":""SEM-CSMF: SEM-CSMF erro HTTP 429: {\""detail\"": \""Rate limit exceeded\""}"",""phase"":""semantic"",""upstream_status"":429}"
C4_200-22-08865499,C4_200,22,2025-12-26T20:10:35.940868+00:00,1766779835940,2025-12-26T20:10:37.704525+00:00,1766779837704,1764,False,429,"HTTP 429: {""success"":false,""reason"":""business_error"",""detail"":""SEM-CSMF: SEM-CSMF erro HTTP 429: {\""detail\"": \""Rate limit exceeded\""}"",""phase"":""semantic"",""upstream_status"":429}"
C4_200-23-0c9728db,C4_200,23,2025-12-26T20:10:35.942092+00:00,1766779835942,2025-12-26T20:10:37.721452+00:00,1766779837721,1779,False,429,"HTTP 429: {""success"":false,""reason"":""business_error"",""detail"":""SEM-CSMF: SEM-CSMF erro HTTP 429: {\""detail\"": \""Rate limit exceeded\""}"",""phase"":""semantic"",""upstream_status"":429}"
C4_200-24-1b2e3cc0,C4_200,24,2025-12-26T20:10:35.943087+00:00,1766779835943,2025-12-26T20:10:37.737537+00:00,1766779837737,1794,False,429,"HTTP 429: {""success"":false,""reason"":""business_error"",""detail"":""SEM-CSMF: SEM-CSMF erro HTTP 429: {\""detail\"": \""Rate limit exceeded\""}"",""phase"":""semantic"",""upstream_status"":429}"
C4_200-25-4b3033f8,C4_200,25,2025-12-26T20:10:35.944296+00:00,1766779835944,2025-12-26T20:10:37.820408+00:00,1766779837820,1876,False,429,"HTTP 429: {""success"":false,""reason"":""business_error"",""detail"":""SEM-CSMF: SEM-CSMF erro HTTP 429: {\""detail\"": \""Rate limit exceeded\""}"",""phase"":""semantic"",""upstream_status"":429}"
C4_200-27-588d0b39,C4_200,27,2025-12-26T20:10:35.946425+00:00,1766779835946,2025-12-26T20:10:37.838376+00:00,1766779837838,1892,False,429,"HTTP 429: {""success"":false,""reason"":""business_error"",""detail"":""SEM-CSMF: SEM-CSMF erro HTTP 429: {\""detail\"": \""Rate limit exceeded\""}"",""phase"":""semantic"",""upstream_status"":429}"
C4_200-26-42399606,C4_200,26,2025-12-26T20:10:35.945427+00:00,1766779835945,2025-12-26T20:10:37.905992+00:00,1766779837906,1961,False,429,"HTTP 429: {""success"":false,""reason"":""business_error"",""detail"":""SEM-CSMF: SEM-CSMF erro HTTP 429: {\""detail\"": \""Rate limit exceeded\""}"",""phase"":""semantic"",""upstream_status"":429}"
C4_200-28-e642be3c,C4_200,28,2025-12-26T20:10:35.947534+00:00,1766779835947,2025-12-26T20:10:37.924349+00:00,1766779837924,1977,False,429,"HTTP 429: {""success"":false,""reason"":""business_error"",""detail"":""SEM-CSMF: SEM-CSMF erro HTTP 429: {\""detail\"": \""Rate limit exceeded\""}"",""phase"":""semantic"",""upstream_status"":429}"
C4_200-30-b6af7b38,C4_200,30,2025-12-26T20:10:35.949747+00:00,1766779835949,2025-12-26T20:10:37.941899+00:00,1766779837941,1992,False,429,"HTTP 429: {""success"":false,""reason"":""business_error"",""detail"":""SEM-CSMF: SEM-CSMF erro HTTP 429: {\""detail\"": \""Rate limit exceeded\""}"",""phase"":""semantic"",""upstream_status"":429}"
C4_200-29-dbadef5b,C4_200,29,2025-12-26T20:10:35.948685+00:00,1766779835948,2025-12-26T20:10:38.010616+00:00,1766779838010,2062,False,429,"HTTP 429: {""success"":false,""reason"":""business_error"",""detail"":""SEM-CSMF: SEM-CSMF erro HTTP 429: {\""detail\"": \""Rate limit exceeded\""}"",""phase"":""semantic"",""upstream_status"":429}"
C4_200-32-a3591d7f,C4_200,32,2025-12-26T20:10:35.951346+00:00,1766779835951,2025-12-26T20:10:38.033618+00:00,1766779838033,2082,False,429,"HTTP 429: {""success"":false,""reason"":""business_error"",""detail"":""SEM-CSMF: SEM-CSMF erro HTTP 429: {\""detail\"": \""Rate limit exceeded\""}"",""phase"":""semantic"",""upstream_status"":429}"
C4_200-33-e900e31b,C4_200,33,2025-12-26T20:10:35.952639+00:00,1766779835952,2025-12-26T20:10:38.100438+00:00,1766779838100,2148,False,429,"HTTP 429: {""success"":false,""reason"":""business_error"",""detail"":""SEM-CSMF: SEM-CSMF erro HTTP 429: {\""detail\"": \""Rate limit exceeded\""}"",""phase"":""semantic"",""upstream_status"":429}"
C4_200-31-8dac9ed1,C4_200,31,2025-12-26T20:10:35.950994+00:00,1766779835951,2025-12-26T20:10:38.120303+00:00,1766779838120,2169,False,429,"HTTP 429: {""success"":false,""reason"":""business_error"",""detail"":""SEM-CSMF: SEM-CSMF erro HTTP 429: {\""detail\"": \""Rate limit exceeded\""}"",""phase"":""semantic"",""upstream_status"":429}"
C4_200-35-21ce9ef1,C4_200,35,2025-12-26T20:10:35.954841+00:00,1766779835954,2025-12-26T20:10:38.136680+00:00,1766779838136,2182,False,429,"HTTP 429: {""success"":false,""reason"":""business_error"",""detail"":""SEM-CSMF: SEM-CSMF erro HTTP 429: {\""detail\"": \""Rate limit exceeded\""}"",""phase"":""semantic"",""upstream_status"":429}"
C4_200-34-ea3bbd1d,C4_200,34,2025-12-26T20:10:35.954575+00:00,1766779835954,2025-12-26T20:10:38.208753+00:00,1766779838208,2254,False,429,"HTTP 429: {""success"":false,""reason"":""business_error"",""detail"":""SEM-CSMF: SEM-CSMF erro HTTP 429: {\""detail\"": \""Rate limit exceeded\""}"",""phase"":""semantic"",""upstream_status"":429}"
C4_200-36-ba67f182,C4_200,36,2025-12-26T20:10:35.956561+00:00,1766779835956,2025-12-26T20:10:38.228271+00:00,1766779838228,2272,False,429,"HTTP 429: {""success"":false,""reason"":""business_error"",""detail"":""SEM-CSMF: SEM-CSMF erro HTTP 429: {\""detail\"": \""Rate limit exceeded\""}"",""phase"":""semantic"",""upstream_status"":429}"
C4_200-38-e6b4f195,C4_200,38,2025-12-26T20:10:35.957979+00:00,1766779835957,2025-12-26T20:10:38.314143+00:00,1766779838314,2357,False,429,"HTTP 429: {""success"":false,""reason"":""business_error"",""detail"":""SEM-CSMF: SEM-CSMF erro HTTP 429: {\""detail\"": \""Rate limit exceeded\""}"",""phase"":""semantic"",""upstream_status"":429}"
C4_200-37-9e156b49,C4_200,37,2025-12-26T20:10:35.956995+00:00,1766779835957,2025-12-26T20:10:38.332291+00:00,1766779838332,2375,False,429,"HTTP 429: {""success"":false,""reason"":""business_error"",""detail"":""SEM-CSMF: SEM-CSMF erro HTTP 429: {\""detail\"": \""Rate limit exceeded\""}"",""phase"":""semantic"",""upstream_status"":429}"
C4_200-40-455d0447,C4_200,40,2025-12-26T20:10:35.960065+00:00,1766779835960,2025-12-26T20:10:38.398437+00:00,1766779838398,2438,False,429,"HTTP 429: {""success"":false,""reason"":""business_error"",""detail"":""SEM-CSMF: SEM-CSMF erro HTTP 429: {\""detail\"": \""Rate limit exceeded\""}"",""phase"":""semantic"",""upstream_status"":429}"
C4_200-39-0e6335d6,C4_200,39,2025-12-26T20:10:35.959731+00:00,1766779835959,2025-12-26T20:10:38.415457+00:00,1766779838415,2456,False,429,"HTTP 429: {""success"":false,""reason"":""business_error"",""detail"":""SEM-CSMF: SEM-CSMF erro HTTP 429: {\""detail\"": \""Rate limit exceeded\""}"",""phase"":""semantic"",""upstream_status"":429}"
C4_200-41-fe42c38f,C4_200,41,2025-12-26T20:10:35.962050+00:00,1766779835962,2025-12-26T20:10:38.431979+00:00,1766779838432,2470,False,429,"HTTP 429: {""success"":false,""reason"":""business_error"",""detail"":""SEM-CSMF: SEM-CSMF erro HTTP 429: {\""detail\"": \""Rate limit exceeded\""}"",""phase"":""semantic"",""upstream_status"":429}"
C4_200-42-67b53b90,C4_200,42,2025-12-26T20:10:35.963257+00:00,1766779835963,2025-12-26T20:10:38.501865+00:00,1766779838501,2538,False,429,"HTTP 429: {""success"":false,""reason"":""business_error"",""detail"":""SEM-CSMF: SEM-CSMF erro HTTP 429: {\""detail\"": \""Rate limit exceeded\""}"",""phase"":""semantic"",""upstream_status"":429}"
C4_200-43-9dd90ea8,C4_200,43,2025-12-26T20:10:35.964652+00:00,1766779835964,2025-12-26T20:10:38.522791+00:00,1766779838522,2558,False,429,"HTTP 429: {""success"":false,""reason"":""business_error"",""detail"":""SEM-CSMF: SEM-CSMF erro HTTP 429: {\""detail\"": \""Rate limit exceeded\""}"",""phase"":""semantic"",""upstream_status"":429}"
C4_200-44-620c2149,C4_200,44,2025-12-26T20:10:35.965737+00:00,1766779835965,2025-12-26T20:10:38.537827+00:00,1766779838537,2572,False,429,"HTTP 429: {""success"":false,""reason"":""business_error"",""detail"":""SEM-CSMF: SEM-CSMF erro HTTP 429: {\""detail\"": \""Rate limit exceeded\""}"",""phase"":""semantic"",""upstream_status"":429}"
C4_200-45-a6068fa2,C4_200,45,2025-12-26T20:10:35.966707+00:00,1766779835966,2025-12-26T20:10:38.610375+00:00,1766779838610,2644,False,429,"HTTP 429: {""success"":false,""reason"":""business_error"",""detail"":""SEM-CSMF: SEM-CSMF erro HTTP 429: {\""detail\"": \""Rate limit exceeded\""}"",""phase"":""semantic"",""upstream_status"":429}"
C4_200-46-291ad640,C4_200,46,2025-12-26T20:10:35.967668+00:00,1766779835967,2025-12-26T20:10:38.626971+00:00,1766779838626,2659,False,429,"HTTP 429: {""success"":false,""reason"":""business_error"",""detail"":""SEM-CSMF: SEM-CSMF erro HTTP 429: {\""detail\"": \""Rate limit exceeded\""}"",""phase"":""semantic"",""upstream_status"":429}"
C4_200-48-8fb9e2ef,C4_200,48,2025-12-26T20:10:35.969708+00:00,1766779835969,2025-12-26T20:10:38.697929+00:00,1766779838697,2728,False,429,"HTTP 429: {""success"":false,""reason"":""business_error"",""detail"":""SEM-CSMF: SEM-CSMF erro HTTP 429: {\""detail\"": \""Rate limit exceeded\""}"",""phase"":""semantic"",""upstream_status"":429}"
C4_200-50-34d3a04a,C4_200,50,2025-12-26T20:10:35.972190+00:00,1766779835972,2025-12-26T20:10:38.717018+00:00,1766779838717,2745,False,429,"HTTP 429: {""success"":false,""reason"":""business_error"",""detail"":""SEM-CSMF: SEM-CSMF erro HTTP 429: {\""detail\"": \""Rate limit exceeded\""}"",""phase"":""semantic"",""upstream_status"":429}"
C4_200-49-7fa5bd1c,C4_200,49,2025-12-26T20:10:35.970847+00:00,1766779835970,2025-12-26T20:10:38.738207+00:00,1766779838738,2768,False,429,"HTTP 429: {""success"":false,""reason"":""business_error"",""detail"":""SEM-CSMF: SEM-CSMF erro HTTP 429: {\""detail\"": \""Rate limit exceeded\""}"",""phase"":""semantic"",""upstream_status"":429}"
C4_200-47-d972f909,C4_200,47,2025-12-26T20:10:35.968017+00:00,1766779835968,2025-12-26T20:10:38.816018+00:00,1766779838816,2848,False,429,"HTTP 429: {""success"":false,""reason"":""business_error"",""detail"":""SEM-CSMF: SEM-CSMF erro HTTP 429: {\""detail\"": \""Rate limit exceeded\""}"",""phase"":""semantic"",""upstream_status"":429}"
C4_200-51-bcb821f8,C4_200,51,2025-12-26T20:10:36.923399+00:00,1766779836923,2025-12-26T20:10:38.836897+00:00,1766779838836,1913,False,429,"HTTP 429: {""success"":false,""reason"":""business_error"",""detail"":""SEM-CSMF: SEM-CSMF erro HTTP 429: {\""detail\"": \""Rate limit exceeded\""}"",""phase"":""semantic"",""upstream_status"":429}"
C4_200-53-f9b2f716,C4_200,53,2025-12-26T20:10:36.941130+00:00,1766779836941,2025-12-26T20:10:38.912507+00:00,1766779838912,1971,False,429,"HTTP 429: {""success"":false,""reason"":""business_error"",""detail"":""SEM-CSMF: SEM-CSMF erro HTTP 429: {\""detail\"": \""Rate limit exceeded\""}"",""phase"":""semantic"",""upstream_status"":429}"
C4_200-52-507f266e,C4_200,52,2025-12-26T20:10:36.940201+00:00,1766779836940,2025-12-26T20:10:38.937574+00:00,1766779838937,1997,False,429,"HTTP 429: {""success"":false,""reason"":""business_error"",""detail"":""SEM-CSMF: SEM-CSMF erro HTTP 429: {\""detail\"": \""Rate limit exceeded\""}"",""phase"":""semantic"",""upstream_status"":429}"
C4_200-54-e8ae46ef,C4_200,54,2025-12-26T20:10:37.010057+00:00,1766779837010,2025-12-26T20:10:39.015799+00:00,1766779839015,2005,False,429,"HTTP 429: {""success"":false,""reason"":""business_error"",""detail"":""SEM-CSMF: SEM-CSMF erro HTTP 429: {\""detail\"": \""Rate limit exceeded\""}"",""phase"":""semantic"",""upstream_status"":429}"
C4_200-55-99af4487,C4_200,55,2025-12-26T20:10:37.038313+00:00,1766779837038,2025-12-26T20:10:39.100447+00:00,1766779839100,2062,False,429,"HTTP 429: {""success"":false,""reason"":""business_error"",""detail"":""SEM-CSMF: SEM-CSMF erro HTTP 429: {\""detail\"": \""Rate limit exceeded\""}"",""phase"":""semantic"",""upstream_status"":429}"
C4_200-56-2b22d61d,C4_200,56,2025-12-26T20:10:37.112688+00:00,1766779837112,2025-12-26T20:10:39.129811+00:00,1766779839129,2017,False,429,"HTTP 429: {""success"":false,""reason"":""business_error"",""detail"":""SEM-CSMF: SEM-CSMF erro HTTP 429: {\""detail\"": \""Rate limit exceeded\""}"",""phase"":""semantic"",""upstream_status"":429}"
C4_200-57-2ed8be9a,C4_200,57,2025-12-26T20:10:37.131287+00:00,1766779837131,2025-12-26T20:10:39.206718+00:00,1766779839206,2075,False,429,"HTTP 429: {""success"":false,""reason"":""business_error"",""detail"":""SEM-CSMF: SEM-CSMF erro HTTP 429: {\""detail\"": \""Rate limit exceeded\""}"",""phase"":""semantic"",""upstream_status"":429}"
C4_200-58-8a9cf056,C4_200,58,2025-12-26T20:10:37.146765+00:00,1766779837146,2025-12-26T20:10:39.234600+00:00,1766779839234,2088,False,429,"HTTP 429: {""success"":false,""reason"":""business_error"",""detail"":""SEM-CSMF: SEM-CSMF erro HTTP 429: {\""detail\"": \""Rate limit exceeded\""}"",""phase"":""semantic"",""upstream_status"":429}"
C4_200-59-ac7bf9ac,C4_200,59,2025-12-26T20:10:37.203432+00:00,1766779837203,2025-12-26T20:10:39.314184+00:00,1766779839314,2111,False,429,"HTTP 429: {""success"":false,""reason"":""business_error"",""detail"":""SEM-CSMF: SEM-CSMF erro HTTP 429: {\""detail\"": \""Rate limit exceeded\""}"",""phase"":""semantic"",""upstream_status"":429}"
C4_200-60-29adee97,C4_200,60,2025-12-26T20:10:37.221882+00:00,1766779837221,2025-12-26T20:10:39.341039+00:00,1766779839341,2120,False,429,"HTTP 429: {""success"":false,""reason"":""business_error"",""detail"":""SEM-CSMF: SEM-CSMF erro HTTP 429: {\""detail\"": \""Rate limit exceeded\""}"",""phase"":""semantic"",""upstream_status"":429}"
C4_200-61-6daf653c,C4_200,61,2025-12-26T20:10:37.239067+00:00,1766779837239,2025-12-26T20:10:39.430087+00:00,1766779839430,2191,False,429,"HTTP 429: {""success"":false,""reason"":""business_error"",""detail"":""SEM-CSMF: SEM-CSMF erro HTTP 429: {\""detail\"": \""Rate limit exceeded\""}"",""phase"":""semantic"",""upstream_status"":429}"
C4_200-62-39d22b30,C4_200,62,2025-12-26T20:10:37.319570+00:00,1766779837319,2025-12-26T20:10:39.508434+00:00,1766779839508,2189,False,429,"HTTP 429: {""success"":false,""reason"":""business_error"",""detail"":""SEM-CSMF: SEM-CSMF erro HTTP 429: {\""detail\"": \""Rate limit exceeded\""}"",""phase"":""semantic"",""upstream_status"":429}"
C4_200-63-6751465a,C4_200,63,2025-12-26T20:10:37.340761+00:00,1766779837340,2025-12-26T20:10:39.536609+00:00,1766779839536,2196,False,429,"HTTP 429: {""success"":false,""reason"":""business_error"",""detail"":""SEM-CSMF: SEM-CSMF erro HTTP 429: {\""detail\"": \""Rate limit exceeded\""}"",""phase"":""semantic"",""upstream_status"":429}"
C4_200-64-bce91277,C4_200,64,2025-12-26T20:10:37.407211+00:00,1766779837407,2025-12-26T20:10:39.615502+00:00,1766779839615,2208,False,429,"HTTP 429: {""success"":false,""reason"":""business_error"",""detail"":""SEM-CSMF: SEM-CSMF erro HTTP 429: {\""detail\"": \""Rate limit exceeded\""}"",""phase"":""semantic"",""upstream_status"":429}"
C4_200-65-052e6b21,C4_200,65,2025-12-26T20:10:37.423561+00:00,1766779837423,2025-12-26T20:10:39.641301+00:00,1766779839641,2218,False,429,"HTTP 429: {""success"":false,""reason"":""business_error"",""detail"":""SEM-CSMF: SEM-CSMF erro HTTP 429: {\""detail\"": \""Rate limit exceeded\""}"",""phase"":""semantic"",""upstream_status"":429}"
C4_200-66-0f4d7f2e,C4_200,66,2025-12-26T20:10:37.440116+00:00,1766779837440,2025-12-26T20:10:39.724712+00:00,1766779839724,2284,False,429,"HTTP 429: {""success"":false,""reason"":""business_error"",""detail"":""SEM-CSMF: SEM-CSMF erro HTTP 429: {\""detail\"": \""Rate limit exceeded\""}"",""phase"":""semantic"",""upstream_status"":429}"
C4_200-67-1279fb13,C4_200,67,2025-12-26T20:10:37.508278+00:00,1766779837508,2025-12-26T20:10:39.812457+00:00,1766779839812,2304,False,429,"HTTP 429: {""success"":false,""reason"":""business_error"",""detail"":""SEM-CSMF: SEM-CSMF erro HTTP 429: {\""detail\"": \""Rate limit exceeded\""}"",""phase"":""semantic"",""upstream_status"":429}"
C4_200-68-245f46bb,C4_200,68,2025-12-26T20:10:37.530934+00:00,1766779837530,2025-12-26T20:10:39.843358+00:00,1766779839843,2313,False,429,"HTTP 429: {""success"":false,""reason"":""business_error"",""detail"":""SEM-CSMF: SEM-CSMF erro HTTP 429: {\""detail\"": \""Rate limit exceeded\""}"",""phase"":""semantic"",""upstream_status"":429}"
C4_200-69-58735b18,C4_200,69,2025-12-26T20:10:37.598382+00:00,1766779837598,2025-12-26T20:10:39.909534+00:00,1766779839909,2311,False,429,"HTTP 429: {""success"":false,""reason"":""business_error"",""detail"":""SEM-CSMF: SEM-CSMF erro HTTP 429: {\""detail\"": \""Rate limit exceeded\""}"",""phase"":""semantic"",""upstream_status"":429}"
C4_200-70-b5c1af6d,C4_200,70,2025-12-26T20:10:37.616560+00:00,1766779837616,2025-12-26T20:10:39.925434+00:00,1766779839925,2309,False,429,"HTTP 429: {""success"":false,""reason"":""business_error"",""detail"":""SEM-CSMF: SEM-CSMF erro HTTP 429: {\""detail\"": \""Rate limit exceeded\""}"",""phase"":""semantic"",""upstream_status"":429}"
C4_200-71-8c65c171,C4_200,71,2025-12-26T20:10:37.634716+00:00,1766779837634,2025-12-26T20:10:39.993455+00:00,1766779839993,2359,False,429,"HTTP 429: {""success"":false,""reason"":""business_error"",""detail"":""SEM-CSMF: SEM-CSMF erro HTTP 429: {\""detail\"": \""Rate limit exceeded\""}"",""phase"":""semantic"",""upstream_status"":429}"
C4_200-72-184c1d8f,C4_200,72,2025-12-26T20:10:37.704746+00:00,1766779837704,2025-12-26T20:10:40.013845+00:00,1766779840013,2309,False,429,"HTTP 429: {""success"":false,""reason"":""business_error"",""detail"":""SEM-CSMF: SEM-CSMF erro HTTP 429: {\""detail\"": \""Rate limit exceeded\""}"",""phase"":""semantic"",""upstream_status"":429}"
C4_200-73-fd437389,C4_200,73,2025-12-26T20:10:37.721835+00:00,1766779837721,2025-12-26T20:10:40.033206+00:00,1766779840033,2312,False,429,"HTTP 429: {""success"":false,""reason"":""business_error"",""detail"":""SEM-CSMF: SEM-CSMF erro HTTP 429: {\""detail\"": \""Rate limit exceeded\""}"",""phase"":""semantic"",""upstream_status"":429}"
C4_200-74-f37c72f0,C4_200,74,2025-12-26T20:10:37.737749+00:00,1766779837737,2025-12-26T20:10:40.206390+00:00,1766779840206,2469,False,429,"HTTP 429: {""success"":false,""reason"":""business_error"",""detail"":""SEM-CSMF: SEM-CSMF erro HTTP 429: {\""detail\"": \""Rate limit exceeded\""}"",""phase"":""semantic"",""upstream_status"":429}"
C4_200-75-bbfbe40b,C4_200,75,2025-12-26T20:10:37.820888+00:00,1766779837820,2025-12-26T20:10:40.222663+00:00,1766779840222,2402,False,429,"HTTP 429: {""success"":false,""reason"":""business_error"",""detail"":""SEM-CSMF: SEM-CSMF erro HTTP 429: {\""detail\"": \""Rate limit exceeded\""}"",""phase"":""semantic"",""upstream_status"":429}"
C4_200-76-2f131ade,C4_200,76,2025-12-26T20:10:37.838741+00:00,1766779837838,2025-12-26T20:10:40.237837+00:00,1766779840237,2399,False,429,"HTTP 429: {""success"":false,""reason"":""business_error"",""detail"":""SEM-CSMF: SEM-CSMF erro HTTP 429: {\""detail\"": \""Rate limit exceeded\""}"",""phase"":""semantic"",""upstream_status"":429}"
C4_200-77-54c9e915,C4_200,77,2025-12-26T20:10:37.906207+00:00,1766779837906,2025-12-26T20:10:40.307500+00:00,1766779840307,2401,False,429,"HTTP 429: {""success"":false,""reason"":""business_error"",""detail"":""SEM-CSMF: SEM-CSMF erro HTTP 429: {\""detail\"": \""Rate limit exceeded\""}"",""phase"":""semantic"",""upstream_status"":429}"
C4_200-78-fbff6d5f,C4_200,78,2025-12-26T20:10:37.924606+00:00,1766779837924,2025-12-26T20:10:40.324552+00:00,1766779840324,2400,False,429,"HTTP 429: {""success"":false,""reason"":""business_error"",""detail"":""SEM-CSMF: SEM-CSMF erro HTTP 429: {\""detail\"": \""Rate limit exceeded\""}"",""phase"":""semantic"",""upstream_status"":429}"
C4_200-79-4c029ec4,C4_200,79,2025-12-26T20:10:37.942112+00:00,1766779837942,2025-12-26T20:10:40.341567+00:00,1766779840341,2399,False,429,"HTTP 429: {""success"":false,""reason"":""business_error"",""detail"":""SEM-CSMF: SEM-CSMF erro HTTP 429: {\""detail\"": \""Rate limit exceeded\""}"",""phase"":""semantic"",""upstream_status"":429}"
C4_200-80-c306a70f,C4_200,80,2025-12-26T20:10:38.011002+00:00,1766779838011,2025-12-26T20:10:40.415966+00:00,1766779840415,2404,False,429,"HTTP 429: {""success"":false,""reason"":""business_error"",""detail"":""SEM-CSMF: SEM-CSMF erro HTTP 429: {\""detail\"": \""Rate limit exceeded\""}"",""phase"":""semantic"",""upstream_status"":429}"
C4_200-81-14520037,C4_200,81,2025-12-26T20:10:38.033815+00:00,1766779838033,2025-12-26T20:10:40.434504+00:00,1766779840434,2401,False,429,"HTTP 429: {""success"":false,""reason"":""business_error"",""detail"":""SEM-CSMF: SEM-CSMF erro HTTP 429: {\""detail\"": \""Rate limit exceeded\""}"",""phase"":""semantic"",""upstream_status"":429}"
C4_200-82-8739a811,C4_200,82,2025-12-26T20:10:38.100659+00:00,1766779838100,2025-12-26T20:10:40.505344+00:00,1766779840505,2405,False,429,"HTTP 429: {""success"":false,""reason"":""business_error"",""detail"":""SEM-CSMF: SEM-CSMF erro HTTP 429: {\""detail\"": \""Rate limit exceeded\""}"",""phase"":""semantic"",""upstream_status"":429}"
C4_200-83-fc281572,C4_200,83,2025-12-26T20:10:38.120632+00:00,1766779838120,2025-12-26T20:10:40.526733+00:00,1766779840526,2406,False,429,"HTTP 429: {""success"":false,""reason"":""business_error"",""detail"":""SEM-CSMF: SEM-CSMF erro HTTP 429: {\""detail\"": \""Rate limit exceeded\""}"",""phase"":""semantic"",""upstream_status"":429}"
C4_200-84-34e171d5,C4_200,84,2025-12-26T20:10:38.137005+00:00,1766779838137,2025-12-26T20:10:40.597662+00:00,1766779840597,2460,False,429,"HTTP 429: {""success"":false,""reason"":""business_error"",""detail"":""SEM-CSMF: SEM-CSMF erro HTTP 429: {\""detail\"": \""Rate limit exceeded\""}"",""phase"":""semantic"",""upstream_status"":429}"
C4_200-85-263774df,C4_200,85,2025-12-26T20:10:38.209106+00:00,1766779838209,2025-12-26T20:10:40.621099+00:00,1766779840621,2412,False,429,"HTTP 429: {""success"":false,""reason"":""business_error"",""detail"":""SEM-CSMF: SEM-CSMF erro HTTP 429: {\""detail\"": \""Rate limit exceeded\""}"",""phase"":""semantic"",""upstream_status"":429}"
C4_200-86-7a43b2f3,C4_200,86,2025-12-26T20:10:38.228536+00:00,1766779838228,2025-12-26T20:10:40.696980+00:00,1766779840697,2469,False,429,"HTTP 429: {""success"":false,""reason"":""business_error"",""detail"":""SEM-CSMF: SEM-CSMF erro HTTP 429: {\""detail\"": \""Rate limit exceeded\""}"",""phase"":""semantic"",""upstream_status"":429}"
C4_200-87-38cbc648,C4_200,87,2025-12-26T20:10:38.314499+00:00,1766779838314,2025-12-26T20:10:40.722000+00:00,1766779840722,2408,False,429,"HTTP 429: {""success"":false,""reason"":""business_error"",""detail"":""SEM-CSMF: SEM-CSMF erro HTTP 429: {\""detail\"": \""Rate limit exceeded\""}"",""phase"":""semantic"",""upstream_status"":429}"
C4_200-88-fd81d6e3,C4_200,88,2025-12-26T20:10:38.332561+00:00,1766779838332,2025-12-26T20:10:40.740847+00:00,1766779840740,2408,False,429,"HTTP 429: {""success"":false,""reason"":""business_error"",""detail"":""SEM-CSMF: SEM-CSMF erro HTTP 429: {\""detail\"": \""Rate limit exceeded\""}"",""phase"":""semantic"",""upstream_status"":429}"
C4_200-89-5e9be544,C4_200,89,2025-12-26T20:10:38.398807+00:00,1766779838398,2025-12-26T20:10:40.809333+00:00,1766779840809,2411,False,429,"HTTP 429: {""success"":false,""reason"":""business_error"",""detail"":""SEM-CSMF: SEM-CSMF erro HTTP 429: {\""detail\"": \""Rate limit exceeded\""}"",""phase"":""semantic"",""upstream_status"":429}"
C4_200-90-862601b0,C4_200,90,2025-12-26T20:10:38.415813+00:00,1766779838415,2025-12-26T20:10:40.826528+00:00,1766779840826,2411,False,429,"HTTP 429: {""success"":false,""reason"":""business_error"",""detail"":""SEM-CSMF: SEM-CSMF erro HTTP 429: {\""detail\"": \""Rate limit exceeded\""}"",""phase"":""semantic"",""upstream_status"":429}"
C4_200-91-20617658,C4_200,91,2025-12-26T20:10:38.432300+00:00,1766779838432,2025-12-26T20:10:40.894914+00:00,1766779840894,2462,False,429,"HTTP 429: {""success"":false,""reason"":""business_error"",""detail"":""SEM-CSMF: SEM-CSMF erro HTTP 429: {\""detail\"": \""Rate limit exceeded\""}"",""phase"":""semantic"",""upstream_status"":429}"
C4_200-92-7a7156b2,C4_200,92,2025-12-26T20:10:38.502176+00:00,1766779838502,2025-12-26T20:10:40.922089+00:00,1766779840922,2420,False,429,"HTTP 429: {""success"":false,""reason"":""business_error"",""detail"":""SEM-CSMF: SEM-CSMF erro HTTP 429: {\""detail\"": \""Rate limit exceeded\""}"",""phase"":""semantic"",""upstream_status"":429}"
C4_200-93-3a0ae7cd,C4_200,93,2025-12-26T20:10:38.523075+00:00,1766779838523,2025-12-26T20:10:40.938506+00:00,1766779840938,2415,False,429,"HTTP 429: {""success"":false,""reason"":""business_error"",""detail"":""SEM-CSMF: SEM-CSMF erro HTTP 429: {\""detail\"": \""Rate limit exceeded\""}"",""phase"":""semantic"",""upstream_status"":429}"
C4_200-94-c125e82b,C4_200,94,2025-12-26T20:10:38.538113+00:00,1766779838538,2025-12-26T20:10:41.009122+00:00,1766779841009,2471,False,429,"HTTP 429: {""success"":false,""reason"":""business_error"",""detail"":""SEM-CSMF: SEM-CSMF erro HTTP 429: {\""detail\"": \""Rate limit exceeded\""}"",""phase"":""semantic"",""upstream_status"":429}"
C4_200-95-f0e74f0a,C4_200,95,2025-12-26T20:10:38.610660+00:00,1766779838610,2025-12-26T20:10:41.027319+00:00,1766779841027,2417,False,429,"HTTP 429: {""success"":false,""reason"":""business_error"",""detail"":""SEM-CSMF: SEM-CSMF erro HTTP 429: {\""detail\"": \""Rate limit exceeded\""}"",""phase"":""semantic"",""upstream_status"":429}"
C4_200-96-8497a965,C4_200,96,2025-12-26T20:10:38.627257+00:00,1766779838627,2025-12-26T20:10:41.101663+00:00,1766779841101,2474,False,429,"HTTP 429: {""success"":false,""reason"":""business_error"",""detail"":""SEM-CSMF: SEM-CSMF erro HTTP 429: {\""detail\"": \""Rate limit exceeded\""}"",""phase"":""semantic"",""upstream_status"":429}"
C4_200-97-166e3b93,C4_200,97,2025-12-26T20:10:38.698247+00:00,1766779838698,2025-12-26T20:10:41.129791+00:00,1766779841129,2431,False,429,"HTTP 429: {""success"":false,""reason"":""business_error"",""detail"":""SEM-CSMF: SEM-CSMF erro HTTP 429: {\""detail\"": \""Rate limit exceeded\""}"",""phase"":""semantic"",""upstream_status"":429}"
C4_200-98-49f67c74,C4_200,98,2025-12-26T20:10:38.717316+00:00,1766779838717,2025-12-26T20:10:41.214935+00:00,1766779841214,2497,False,429,"HTTP 429: {""success"":false,""reason"":""business_error"",""detail"":""SEM-CSMF: SEM-CSMF erro HTTP 429: {\""detail\"": \""Rate limit exceeded\""}"",""phase"":""semantic"",""upstream_status"":429}"
C4_200-99-7b33074d,C4_200,99,2025-12-26T20:10:38.738514+00:00,1766779838738,2025-12-26T20:10:41.239083+00:00,1766779841239,2501,False,429,"HTTP 429: {""success"":false,""reason"":""business_error"",""detail"":""SEM-CSMF: SEM-CSMF erro HTTP 429: {\""detail\"": \""Rate limit exceeded\""}"",""phase"":""semantic"",""upstream_status"":429}"
C4_200-100-37c8d998,C4_200,100,2025-12-26T20:10:38.816347+00:00,1766779838816,2025-12-26T20:10:41.321291+00:00,1766779841321,2505,False,429,"HTTP 429: {""success"":false,""reason"":""business_error"",""detail"":""SEM-CSMF: SEM-CSMF erro HTTP 429: {\""detail\"": \""Rate limit exceeded\""}"",""phase"":""semantic"",""upstream_status"":429}"
C4_200-101-140d9785,C4_200,101,2025-12-26T20:10:38.837214+00:00,1766779838837,2025-12-26T20:10:41.396940+00:00,1766779841396,2559,False,429,"HTTP 429: {""success"":false,""reason"":""business_error"",""detail"":""SEM-CSMF: SEM-CSMF erro HTTP 429: {\""detail\"": \""Rate limit exceeded\""}"",""phase"":""semantic"",""upstream_status"":429}"
C4_200-102-da50bbf3,C4_200,102,2025-12-26T20:10:38.912825+00:00,1766779838912,2025-12-26T20:10:41.424957+00:00,1766779841424,2512,False,429,"HTTP 429: {""success"":false,""reason"":""business_error"",""detail"":""SEM-CSMF: SEM-CSMF erro HTTP 429: {\""detail\"": \""Rate limit exceeded\""}"",""phase"":""semantic"",""upstream_status"":429}"
C4_200-103-a2698ea0,C4_200,103,2025-12-26T20:10:38.937909+00:00,1766779838937,2025-12-26T20:10:41.496026+00:00,1766779841496,2559,False,429,"HTTP 429: {""success"":false,""reason"":""business_error"",""detail"":""SEM-CSMF: SEM-CSMF erro HTTP 429: {\""detail\"": \""Rate limit exceeded\""}"",""phase"":""semantic"",""upstream_status"":429}"
C4_200-104-43c06a16,C4_200,104,2025-12-26T20:10:39.016097+00:00,1766779839016,2025-12-26T20:10:41.512350+00:00,1766779841512,2496,False,429,"HTTP 429: {""success"":false,""reason"":""business_error"",""detail"":""SEM-CSMF: SEM-CSMF erro HTTP 429: {\""detail\"": \""Rate limit exceeded\""}"",""phase"":""semantic"",""upstream_status"":429}"
C4_200-105-33137653,C4_200,105,2025-12-26T20:10:39.100849+00:00,1766779839100,2025-12-26T20:10:41.518132+00:00,1766779841518,2418,False,429,"HTTP 429: {""success"":false,""reason"":""business_error"",""detail"":""SEM-CSMF: SEM-CSMF erro HTTP 429: {\""detail\"": \""Rate limit exceeded\""}"",""phase"":""semantic"",""upstream_status"":429}"
C4_200-106-e119d7c5,C4_200,106,2025-12-26T20:10:39.130122+00:00,1766779839130,2025-12-26T20:10:41.541140+00:00,1766779841541,2411,False,429,"HTTP 429: {""success"":false,""reason"":""business_error"",""detail"":""SEM-CSMF: SEM-CSMF erro HTTP 429: {\""detail\"": \""Rate limit exceeded\""}"",""phase"":""semantic"",""upstream_status"":429}"
C4_200-107-2884f29a,C4_200,107,2025-12-26T20:10:39.207024+00:00,1766779839207,2025-12-26T20:10:41.619847+00:00,1766779841619,2412,False,429,"HTTP 429: {""success"":false,""reason"":""business_error"",""detail"":""SEM-CSMF: SEM-CSMF erro HTTP 429: {\""detail\"": \""Rate limit exceeded\""}"",""phase"":""semantic"",""upstream_status"":429}"
C4_200-108-de4793ea,C4_200,108,2025-12-26T20:10:39.234917+00:00,1766779839234,2025-12-26T20:10:41.696554+00:00,1766779841696,2462,False,429,"HTTP 429: {""success"":false,""reason"":""business_error"",""detail"":""SEM-CSMF: SEM-CSMF erro HTTP 429: {\""detail\"": \""Rate limit exceeded\""}"",""phase"":""semantic"",""upstream_status"":429}"
C4_200-109-a700efa6,C4_200,109,2025-12-26T20:10:39.314478+00:00,1766779839314,2025-12-26T20:10:41.725918+00:00,1766779841725,2411,False,429,"HTTP 429: {""success"":false,""reason"":""business_error"",""detail"":""SEM-CSMF: SEM-CSMF erro HTTP 429: {\""detail\"": \""Rate limit exceeded\""}"",""phase"":""semantic"",""upstream_status"":429}"
C4_200-110-6d0bd7c1,C4_200,110,2025-12-26T20:10:39.341354+00:00,1766779839341,2025-12-26T20:10:41.800333+00:00,1766779841800,2459,False,429,"HTTP 429: {""success"":false,""reason"":""business_error"",""detail"":""SEM-CSMF: SEM-CSMF erro HTTP 429: {\""detail\"": \""Rate limit exceeded\""}"",""phase"":""semantic"",""upstream_status"":429}"
C4_200-111-8a5b5c7a,C4_200,111,2025-12-26T20:10:39.430423+00:00,1766779839430,2025-12-26T20:10:41.828893+00:00,1766779841828,2398,False,429,"HTTP 429: {""success"":false,""reason"":""business_error"",""detail"":""SEM-CSMF: SEM-CSMF erro HTTP 429: {\""detail\"": \""Rate limit exceeded\""}"",""phase"":""semantic"",""upstream_status"":429}"
C4_200-112-ff79b917,C4_200,112,2025-12-26T20:10:39.508771+00:00,1766779839508,2025-12-26T20:10:41.918974+00:00,1766779841918,2410,False,429,"HTTP 429: {""success"":false,""reason"":""business_error"",""detail"":""SEM-CSMF: SEM-CSMF erro HTTP 429: {\""detail\"": \""Rate limit exceeded\""}"",""phase"":""semantic"",""upstream_status"":429}"
C4_200-113-a4633925,C4_200,113,2025-12-26T20:10:39.536949+00:00,1766779839536,2025-12-26T20:10:42.000832+00:00,1766779842000,2464,False,429,"HTTP 429: {""success"":false,""reason"":""business_error"",""detail"":""SEM-CSMF: SEM-CSMF erro HTTP 429: {\""detail\"": \""Rate limit exceeded\""}"",""phase"":""semantic"",""upstream_status"":429}"
C4_200-114-906f636a,C4_200,114,2025-12-26T20:10:39.615834+00:00,1766779839615,2025-12-26T20:10:42.029872+00:00,1766779842029,2414,False,429,"HTTP 429: {""success"":false,""reason"":""business_error"",""detail"":""SEM-CSMF: SEM-CSMF erro HTTP 429: {\""detail\"": \""Rate limit exceeded\""}"",""phase"":""semantic"",""upstream_status"":429}"
C4_200-115-23d9ad73,C4_200,115,2025-12-26T20:10:39.641516+00:00,1766779839641,2025-12-26T20:10:42.106359+00:00,1766779842106,2465,False,429,"HTTP 429: {""success"":false,""reason"":""business_error"",""detail"":""SEM-CSMF: SEM-CSMF erro HTTP 429: {\""detail\"": \""Rate limit exceeded\""}"",""phase"":""semantic"",""upstream_status"":429}"
C4_200-116-4a276f4d,C4_200,116,2025-12-26T20:10:39.725040+00:00,1766779839725,2025-12-26T20:10:42.133821+00:00,1766779842133,2408,False,429,"HTTP 429: {""success"":false,""reason"":""business_error"",""detail"":""SEM-CSMF: SEM-CSMF erro HTTP 429: {\""detail\"": \""Rate limit exceeded\""}"",""phase"":""semantic"",""upstream_status"":429}"
C4_200-117-ec10e9fc,C4_200,117,2025-12-26T20:10:39.812814+00:00,1766779839812,2025-12-26T20:10:42.321813+00:00,1766779842321,2509,False,429,"HTTP 429: {""success"":false,""reason"":""business_error"",""detail"":""SEM-CSMF: SEM-CSMF erro HTTP 429: {\""detail\"": \""Rate limit exceeded\""}"",""phase"":""semantic"",""upstream_status"":429}"
C4_200-118-8fbbe7e3,C4_200,118,2025-12-26T20:10:39.843605+00:00,1766779839843,2025-12-26T20:10:42.343362+00:00,1766779842343,2500,False,429,"HTTP 429: {""success"":false,""reason"":""business_error"",""detail"":""SEM-CSMF: SEM-CSMF erro HTTP 429: {\""detail\"": \""Rate limit exceeded\""}"",""phase"":""semantic"",""upstream_status"":429}"
C4_200-119-b8247f8d,C4_200,119,2025-12-26T20:10:39.909885+00:00,1766779839909,2025-12-26T20:10:42.412114+00:00,1766779842412,2503,False,429,"HTTP 429: {""success"":false,""reason"":""business_error"",""detail"":""SEM-CSMF: SEM-CSMF erro HTTP 429: {\""detail\"": \""Rate limit exceeded\""}"",""phase"":""semantic"",""upstream_status"":429}"
C4_200-120-80ba6b4b,C4_200,120,2025-12-26T20:10:39.925613+00:00,1766779839925,2025-12-26T20:10:42.430887+00:00,1766779842430,2505,False,429,"HTTP 429: {""success"":false,""reason"":""business_error"",""detail"":""SEM-CSMF: SEM-CSMF erro HTTP 429: {\""detail\"": \""Rate limit exceeded\""}"",""phase"":""semantic"",""upstream_status"":429}"
C4_200-121-37f6318f,C4_200,121,2025-12-26T20:10:39.993812+00:00,1766779839993,2025-12-26T20:10:42.503095+00:00,1766779842503,2510,False,429,"HTTP 429: {""success"":false,""reason"":""business_error"",""detail"":""SEM-CSMF: SEM-CSMF erro HTTP 429: {\""detail\"": \""Rate limit exceeded\""}"",""phase"":""semantic"",""upstream_status"":429}"
C4_200-122-2b27680e,C4_200,122,2025-12-26T20:10:40.014161+00:00,1766779840014,2025-12-26T20:10:42.522535+00:00,1766779842522,2508,False,429,"HTTP 429: {""success"":false,""reason"":""business_error"",""detail"":""SEM-CSMF: SEM-CSMF erro HTTP 429: {\""detail\"": \""Rate limit exceeded\""}"",""phase"":""semantic"",""upstream_status"":429}"
C4_200-123-f7969018,C4_200,123,2025-12-26T20:10:40.033571+00:00,1766779840033,2025-12-26T20:10:42.540181+00:00,1766779842540,2507,False,429,"HTTP 429: {""success"":false,""reason"":""business_error"",""detail"":""SEM-CSMF: SEM-CSMF erro HTTP 429: {\""detail\"": \""Rate limit exceeded\""}"",""phase"":""semantic"",""upstream_status"":429}"
C4_200-124-21ecc436,C4_200,124,2025-12-26T20:10:40.206791+00:00,1766779840206,2025-12-26T20:10:42.608586+00:00,1766779842608,2402,False,429,"HTTP 429: {""success"":false,""reason"":""business_error"",""detail"":""SEM-CSMF: SEM-CSMF erro HTTP 429: {\""detail\"": \""Rate limit exceeded\""}"",""phase"":""semantic"",""upstream_status"":429}"
C4_200-125-6ccd24be,C4_200,125,2025-12-26T20:10:40.222978+00:00,1766779840222,2025-12-26T20:10:42.628993+00:00,1766779842629,2407,False,429,"HTTP 429: {""success"":false,""reason"":""business_error"",""detail"":""SEM-CSMF: SEM-CSMF erro HTTP 429: {\""detail\"": \""Rate limit exceeded\""}"",""phase"":""semantic"",""upstream_status"":429}"
C4_200-126-a0d2ed09,C4_200,126,2025-12-26T20:10:40.238129+00:00,1766779840238,2025-12-26T20:10:42.645905+00:00,1766779842645,2407,False,429,"HTTP 429: {""success"":false,""reason"":""business_error"",""detail"":""SEM-CSMF: SEM-CSMF erro HTTP 429: {\""detail\"": \""Rate limit exceeded\""}"",""phase"":""semantic"",""upstream_status"":429}"
C4_200-127-55f78160,C4_200,127,2025-12-26T20:10:40.307733+00:00,1766779840307,2025-12-26T20:10:42.728345+00:00,1766779842728,2421,False,429,"HTTP 429: {""success"":false,""reason"":""business_error"",""detail"":""SEM-CSMF: SEM-CSMF erro HTTP 429: {\""detail\"": \""Rate limit exceeded\""}"",""phase"":""semantic"",""upstream_status"":429}"
C4_200-128-ad098709,C4_200,128,2025-12-26T20:10:40.324831+00:00,1766779840324,2025-12-26T20:10:42.794463+00:00,1766779842794,2470,False,429,"HTTP 429: {""success"":false,""reason"":""business_error"",""detail"":""SEM-CSMF: SEM-CSMF erro HTTP 429: {\""detail\"": \""Rate limit exceeded\""}"",""phase"":""semantic"",""upstream_status"":429}"
C4_200-129-3eb8028f,C4_200,129,2025-12-26T20:10:40.341778+00:00,1766779840341,2025-12-26T20:10:42.811845+00:00,1766779842811,2470,False,429,"HTTP 429: {""success"":false,""reason"":""business_error"",""detail"":""SEM-CSMF: SEM-CSMF erro HTTP 429: {\""detail\"": \""Rate limit exceeded\""}"",""phase"":""semantic"",""upstream_status"":429}"
C4_200-130-7ea5e262,C4_200,130,2025-12-26T20:10:40.416158+00:00,1766779840416,2025-12-26T20:10:42.828926+00:00,1766779842828,2412,False,429,"HTTP 429: {""success"":false,""reason"":""business_error"",""detail"":""SEM-CSMF: SEM-CSMF erro HTTP 429: {\""detail\"": \""Rate limit exceeded\""}"",""phase"":""semantic"",""upstream_status"":429}"
C4_200-131-c9cddf47,C4_200,131,2025-12-26T20:10:40.434869+00:00,1766779840434,2025-12-26T20:10:42.900522+00:00,1766779842900,2466,False,429,"HTTP 429: {""success"":false,""reason"":""business_error"",""detail"":""SEM-CSMF: SEM-CSMF erro HTTP 429: {\""detail\"": \""Rate limit exceeded\""}"",""phase"":""semantic"",""upstream_status"":429}"
C4_200-132-deeffdd7,C4_200,132,2025-12-26T20:10:40.505682+00:00,1766779840505,2025-12-26T20:10:42.926486+00:00,1766779842926,2421,False,429,"HTTP 429: {""success"":false,""reason"":""business_error"",""detail"":""SEM-CSMF: SEM-CSMF erro HTTP 429: {\""detail\"": \""Rate limit exceeded\""}"",""phase"":""semantic"",""upstream_status"":429}"
C4_200-133-70747ddc,C4_200,133,2025-12-26T20:10:40.527052+00:00,1766779840527,2025-12-26T20:10:43.009343+00:00,1766779843009,2482,False,429,"HTTP 429: {""success"":false,""reason"":""business_error"",""detail"":""SEM-CSMF: SEM-CSMF erro HTTP 429: {\""detail\"": \""Rate limit exceeded\""}"",""phase"":""semantic"",""upstream_status"":429}"
C4_200-134-4cc2cded,C4_200,134,2025-12-26T20:10:40.598016+00:00,1766779840598,2025-12-26T20:10:43.033409+00:00,1766779843033,2435,False,429,"HTTP 429: {""success"":false,""reason"":""business_error"",""detail"":""SEM-CSMF: SEM-CSMF erro HTTP 429: {\""detail\"": \""Rate limit exceeded\""}"",""phase"":""semantic"",""upstream_status"":429}"
C4_200-135-c39bc96c,C4_200,135,2025-12-26T20:10:40.621410+00:00,1766779840621,2025-12-26T20:10:43.110969+00:00,1766779843110,2489,False,429,"HTTP 429: {""success"":false,""reason"":""business_error"",""detail"":""SEM-CSMF: SEM-CSMF erro HTTP 429: {\""detail\"": \""Rate limit exceeded\""}"",""phase"":""semantic"",""upstream_status"":429}"
C4_200-136-6a3aac81,C4_200,136,2025-12-26T20:10:40.697321+00:00,1766779840697,2025-12-26T20:10:43.137170+00:00,1766779843137,2440,False,429,"HTTP 429: {""success"":false,""reason"":""business_error"",""detail"":""SEM-CSMF: SEM-CSMF erro HTTP 429: {\""detail\"": \""Rate limit exceeded\""}"",""phase"":""semantic"",""upstream_status"":429}"
C4_200-137-be87625e,C4_200,137,2025-12-26T20:10:40.722287+00:00,1766779840722,2025-12-26T20:10:43.202418+00:00,1766779843202,2480,False,429,"HTTP 429: {""success"":false,""reason"":""business_error"",""detail"":""SEM-CSMF: SEM-CSMF erro HTTP 429: {\""detail\"": \""Rate limit exceeded\""}"",""phase"":""semantic"",""upstream_status"":429}"
C4_200-138-3d315f86,C4_200,138,2025-12-26T20:10:40.741171+00:00,1766779840741,2025-12-26T20:10:43.224126+00:00,1766779843224,2483,False,429,"HTTP 429: {""success"":false,""reason"":""business_error"",""detail"":""SEM-CSMF: SEM-CSMF erro HTTP 429: {\""detail\"": \""Rate limit exceeded\""}"",""phase"":""semantic"",""upstream_status"":429}"
C4_200-139-f46ac3c8,C4_200,139,2025-12-26T20:10:40.809670+00:00,1766779840809,2025-12-26T20:10:43.295225+00:00,1766779843295,2486,False,429,"HTTP 429: {""success"":false,""reason"":""business_error"",""detail"":""SEM-CSMF: SEM-CSMF erro HTTP 429: {\""detail\"": \""Rate limit exceeded\""}"",""phase"":""semantic"",""upstream_status"":429}"
C4_200-140-f0ac18f9,C4_200,140,2025-12-26T20:10:40.826847+00:00,1766779840826,2025-12-26T20:10:43.314949+00:00,1766779843314,2488,False,429,"HTTP 429: {""success"":false,""reason"":""business_error"",""detail"":""SEM-CSMF: SEM-CSMF erro HTTP 429: {\""detail\"": \""Rate limit exceeded\""}"",""phase"":""semantic"",""upstream_status"":429}"
C4_200-141-4434d6e6,C4_200,141,2025-12-26T20:10:40.895328+00:00,1766779840895,2025-12-26T20:10:43.333170+00:00,1766779843333,2438,False,429,"HTTP 429: {""success"":false,""reason"":""business_error"",""detail"":""SEM-CSMF: SEM-CSMF erro HTTP 429: {\""detail\"": \""Rate limit exceeded\""}"",""phase"":""semantic"",""upstream_status"":429}"
C4_200-142-a2c115f1,C4_200,142,2025-12-26T20:10:40.922458+00:00,1766779840922,2025-12-26T20:10:43.402224+00:00,1766779843402,2480,False,429,"HTTP 429: {""success"":false,""reason"":""business_error"",""detail"":""SEM-CSMF: SEM-CSMF erro HTTP 429: {\""detail\"": \""Rate limit exceeded\""}"",""phase"":""semantic"",""upstream_status"":429}"
C4_200-143-497ad1d5,C4_200,143,2025-12-26T20:10:40.938838+00:00,1766779840938,2025-12-26T20:10:43.422474+00:00,1766779843422,2484,False,429,"HTTP 429: {""success"":false,""reason"":""business_error"",""detail"":""SEM-CSMF: SEM-CSMF erro HTTP 429: {\""detail\"": \""Rate limit exceeded\""}"",""phase"":""semantic"",""upstream_status"":429}"
C4_200-144-1b4a6963,C4_200,144,2025-12-26T20:10:41.009439+00:00,1766779841009,2025-12-26T20:10:43.439238+00:00,1766779843439,2430,False,429,"HTTP 429: {""success"":false,""reason"":""business_error"",""detail"":""SEM-CSMF: SEM-CSMF erro HTTP 429: {\""detail\"": \""Rate limit exceeded\""}"",""phase"":""semantic"",""upstream_status"":429}"
C4_200-145-8d4e6951,C4_200,145,2025-12-26T20:10:41.027614+00:00,1766779841027,2025-12-26T20:10:43.510159+00:00,1766779843510,2483,False,429,"HTTP 429: {""success"":false,""reason"":""business_error"",""detail"":""SEM-CSMF: SEM-CSMF erro HTTP 429: {\""detail\"": \""Rate limit exceeded\""}"",""phase"":""semantic"",""upstream_status"":429}"
C4_200-146-ba55ed8d,C4_200,146,2025-12-26T20:10:41.102040+00:00,1766779841102,2025-12-26T20:10:43.619026+00:00,1766779843619,2517,False,429,"HTTP 429: {""success"":false,""reason"":""business_error"",""detail"":""SEM-CSMF: SEM-CSMF erro HTTP 429: {\""detail\"": \""Rate limit exceeded\""}"",""phase"":""semantic"",""upstream_status"":429}"
C4_200-147-d5d20dc2,C4_200,147,2025-12-26T20:10:41.130128+00:00,1766779841130,2025-12-26T20:10:43.634816+00:00,1766779843634,2504,False,429,"HTTP 429: {""success"":false,""reason"":""business_error"",""detail"":""SEM-CSMF: SEM-CSMF erro HTTP 429: {\""detail\"": \""Rate limit exceeded\""}"",""phase"":""semantic"",""upstream_status"":429}"
C4_200-148-65554c84,C4_200,148,2025-12-26T20:10:41.215254+00:00,1766779841215,2025-12-26T20:10:43.709888+00:00,1766779843709,2494,False,429,"HTTP 429: {""success"":false,""reason"":""business_error"",""detail"":""SEM-CSMF: SEM-CSMF erro HTTP 429: {\""detail\"": \""Rate limit exceeded\""}"",""phase"":""semantic"",""upstream_status"":429}"
C4_200-149-b98e36bc,C4_200,149,2025-12-26T20:10:41.239378+00:00,1766779841239,2025-12-26T20:10:43.731309+00:00,1766779843731,2492,False,429,"HTTP 429: {""success"":false,""reason"":""business_error"",""detail"":""SEM-CSMF: SEM-CSMF erro HTTP 429: {\""detail\"": \""Rate limit exceeded\""}"",""phase"":""semantic"",""upstream_status"":429}"
C4_200-150-491c9817,C4_200,150,2025-12-26T20:10:41.321597+00:00,1766779841321,2025-12-26T20:10:43.798098+00:00,1766779843798,2477,False,429,"HTTP 429: {""success"":false,""reason"":""business_error"",""detail"":""SEM-CSMF: SEM-CSMF erro HTTP 429: {\""detail\"": \""Rate limit exceeded\""}"",""phase"":""semantic"",""upstream_status"":429}"
C4_200-151-1a964184,C4_200,151,2025-12-26T20:10:41.397276+00:00,1766779841397,2025-12-26T20:10:43.814155+00:00,1766779843814,2417,False,429,"HTTP 429: {""success"":false,""reason"":""business_error"",""detail"":""SEM-CSMF: SEM-CSMF erro HTTP 429: {\""detail\"": \""Rate limit exceeded\""}"",""phase"":""semantic"",""upstream_status"":429}"
C4_200-152-f8b89ca8,C4_200,152,2025-12-26T20:10:41.425172+00:00,1766779841425,2025-12-26T20:10:43.834605+00:00,1766779843834,2409,False,429,"HTTP 429: {""success"":false,""reason"":""business_error"",""detail"":""SEM-CSMF: SEM-CSMF erro HTTP 429: {\""detail\"": \""Rate limit exceeded\""}"",""phase"":""semantic"",""upstream_status"":429}"
C4_200-153-3ac4a4e5,C4_200,153,2025-12-26T20:10:41.496358+00:00,1766779841496,2025-12-26T20:10:43.901947+00:00,1766779843901,2405,False,429,"HTTP 429: {""success"":false,""reason"":""business_error"",""detail"":""SEM-CSMF: SEM-CSMF erro HTTP 429: {\""detail\"": \""Rate limit exceeded\""}"",""phase"":""semantic"",""upstream_status"":429}"
C4_200-154-f0ca9bfc,C4_200,154,2025-12-26T20:10:41.512658+00:00,1766779841512,2025-12-26T20:10:43.919743+00:00,1766779843919,2407,False,429,"HTTP 429: {""success"":false,""reason"":""business_error"",""detail"":""SEM-CSMF: SEM-CSMF erro HTTP 429: {\""detail\"": \""Rate limit exceeded\""}"",""phase"":""semantic"",""upstream_status"":429}"
C4_200-155-5d20e367,C4_200,155,2025-12-26T20:10:41.518445+00:00,1766779841518,2025-12-26T20:10:43.933472+00:00,1766779843933,2415,False,429,"HTTP 429: {""success"":false,""reason"":""business_error"",""detail"":""SEM-CSMF: SEM-CSMF erro HTTP 429: {\""detail\"": \""Rate limit exceeded\""}"",""phase"":""semantic"",""upstream_status"":429}"
C4_200-156-b8353acb,C4_200,156,2025-12-26T20:10:41.541431+00:00,1766779841541,2025-12-26T20:10:44.000949+00:00,1766779844000,2459,False,429,"HTTP 429: {""success"":false,""reason"":""business_error"",""detail"":""SEM-CSMF: SEM-CSMF erro HTTP 429: {\""detail\"": \""Rate limit exceeded\""}"",""phase"":""semantic"",""upstream_status"":429}"
C4_200-157-38ccff9c,C4_200,157,2025-12-26T20:10:41.620141+00:00,1766779841620,2025-12-26T20:10:44.025299+00:00,1766779844025,2405,False,429,"HTTP 429: {""success"":false,""reason"":""business_error"",""detail"":""SEM-CSMF: SEM-CSMF erro HTTP 429: {\""detail\"": \""Rate limit exceeded\""}"",""phase"":""semantic"",""upstream_status"":429}"
C4_200-158-cd2fe7de,C4_200,158,2025-12-26T20:10:41.696857+00:00,1766779841696,2025-12-26T20:10:44.106864+00:00,1766779844106,2410,False,429,"HTTP 429: {""success"":false,""reason"":""business_error"",""detail"":""SEM-CSMF: SEM-CSMF erro HTTP 429: {\""detail\"": \""Rate limit exceeded\""}"",""phase"":""semantic"",""upstream_status"":429}"
C4_200-159-9303baf5,C4_200,159,2025-12-26T20:10:41.726219+00:00,1766779841726,2025-12-26T20:10:44.133223+00:00,1766779844133,2407,False,429,"HTTP 429: {""success"":false,""reason"":""business_error"",""detail"":""SEM-CSMF: SEM-CSMF erro HTTP 429: {\""detail\"": \""Rate limit exceeded\""}"",""phase"":""semantic"",""upstream_status"":429}"
C4_200-160-de955b29,C4_200,160,2025-12-26T20:10:41.800648+00:00,1766779841800,2025-12-26T20:10:44.201222+00:00,1766779844201,2401,False,429,"HTTP 429: {""success"":false,""reason"":""business_error"",""detail"":""SEM-CSMF: SEM-CSMF erro HTTP 429: {\""detail\"": \""Rate limit exceeded\""}"",""phase"":""semantic"",""upstream_status"":429}"
C4_200-161-62a8b6bd,C4_200,161,2025-12-26T20:10:41.829184+00:00,1766779841829,2025-12-26T20:10:44.217576+00:00,1766779844217,2388,False,429,"HTTP 429: {""success"":false,""reason"":""business_error"",""detail"":""SEM-CSMF: SEM-CSMF erro HTTP 429: {\""detail\"": \""Rate limit exceeded\""}"",""phase"":""semantic"",""upstream_status"":429}"
C4_200-162-c294b116,C4_200,162,2025-12-26T20:10:41.919299+00:00,1766779841919,2025-12-26T20:10:44.232499+00:00,1766779844232,2313,False,429,"HTTP 429: {""success"":false,""reason"":""business_error"",""detail"":""SEM-CSMF: SEM-CSMF erro HTTP 429: {\""detail\"": \""Rate limit exceeded\""}"",""phase"":""semantic"",""upstream_status"":429}"
C4_200-163-db4a1214,C4_200,163,2025-12-26T20:10:42.001138+00:00,1766779842001,2025-12-26T20:10:44.298361+00:00,1766779844298,2297,False,429,"HTTP 429: {""success"":false,""reason"":""business_error"",""detail"":""SEM-CSMF: SEM-CSMF erro HTTP 429: {\""detail\"": \""Rate limit exceeded\""}"",""phase"":""semantic"",""upstream_status"":429}"
C4_200-164-3da4e28a,C4_200,164,2025-12-26T20:10:42.030188+00:00,1766779842030,2025-12-26T20:10:44.323108+00:00,1766779844323,2293,False,429,"HTTP 429: {""success"":false,""reason"":""business_error"",""detail"":""SEM-CSMF: SEM-CSMF erro HTTP 429: {\""detail\"": \""Rate limit exceeded\""}"",""phase"":""semantic"",""upstream_status"":429}"
C4_200-165-4ffec9fa,C4_200,165,2025-12-26T20:10:42.106686+00:00,1766779842106,2025-12-26T20:10:44.337543+00:00,1766779844337,2231,False,429,"HTTP 429: {""success"":false,""reason"":""business_error"",""detail"":""SEM-CSMF: SEM-CSMF erro HTTP 429: {\""detail\"": \""Rate limit exceeded\""}"",""phase"":""semantic"",""upstream_status"":429}"
C4_200-166-1fde226f,C4_200,166,2025-12-26T20:10:42.134109+00:00,1766779842134,2025-12-26T20:10:44.403056+00:00,1766779844403,2269,False,429,"HTTP 429: {""success"":false,""reason"":""business_error"",""detail"":""SEM-CSMF: SEM-CSMF erro HTTP 429: {\""detail\"": \""Rate limit exceeded\""}"",""phase"":""semantic"",""upstream_status"":429}"
C4_200-167-c017d452,C4_200,167,2025-12-26T20:10:42.322141+00:00,1766779842322,2025-12-26T20:10:44.418716+00:00,1766779844418,2096,False,429,"HTTP 429: {""success"":false,""reason"":""business_error"",""detail"":""SEM-CSMF: SEM-CSMF erro HTTP 429: {\""detail\"": \""Rate limit exceeded\""}"",""phase"":""semantic"",""upstream_status"":429}"
C4_200-168-66c5a4d3,C4_200,168,2025-12-26T20:10:42.343678+00:00,1766779842343,2025-12-26T20:10:44.432410+00:00,1766779844432,2089,False,429,"HTTP 429: {""success"":false,""reason"":""business_error"",""detail"":""SEM-CSMF: SEM-CSMF erro HTTP 429: {\""detail\"": \""Rate limit exceeded\""}"",""phase"":""semantic"",""upstream_status"":429}"
C4_200-169-5a0aca40,C4_200,169,2025-12-26T20:10:42.412435+00:00,1766779842412,2025-12-26T20:10:44.500365+00:00,1766779844500,2088,False,429,"HTTP 429: {""success"":false,""reason"":""business_error"",""detail"":""SEM-CSMF: SEM-CSMF erro HTTP 429: {\""detail\"": \""Rate limit exceeded\""}"",""phase"":""semantic"",""upstream_status"":429}"
C4_200-170-91261a8b,C4_200,170,2025-12-26T20:10:42.431122+00:00,1766779842431,2025-12-26T20:10:44.525381+00:00,1766779844525,2094,False,429,"HTTP 429: {""success"":false,""reason"":""business_error"",""detail"":""SEM-CSMF: SEM-CSMF erro HTTP 429: {\""detail\"": \""Rate limit exceeded\""}"",""phase"":""semantic"",""upstream_status"":429}"
C4_200-171-9a50ad68,C4_200,171,2025-12-26T20:10:42.503312+00:00,1766779842503,2025-12-26T20:10:44.542518+00:00,1766779844542,2039,False,429,"HTTP 429: {""success"":false,""reason"":""business_error"",""detail"":""SEM-CSMF: SEM-CSMF erro HTTP 429: {\""detail\"": \""Rate limit exceeded\""}"",""phase"":""semantic"",""upstream_status"":429}"
C4_200-172-94dbe5d1,C4_200,172,2025-12-26T20:10:42.522725+00:00,1766779842522,2025-12-26T20:10:44.609714+00:00,1766779844609,2087,False,429,"HTTP 429: {""success"":false,""reason"":""business_error"",""detail"":""SEM-CSMF: SEM-CSMF erro HTTP 429: {\""detail\"": \""Rate limit exceeded\""}"",""phase"":""semantic"",""upstream_status"":429}"
C4_200-173-a22c225d,C4_200,173,2025-12-26T20:10:42.540460+00:00,1766779842540,2025-12-26T20:10:44.625597+00:00,1766779844625,2085,False,429,"HTTP 429: {""success"":false,""reason"":""business_error"",""detail"":""SEM-CSMF: SEM-CSMF erro HTTP 429: {\""detail\"": \""Rate limit exceeded\""}"",""phase"":""semantic"",""upstream_status"":429}"
C4_200-174-d99e4a08,C4_200,174,2025-12-26T20:10:42.608938+00:00,1766779842608,2025-12-26T20:10:44.641069+00:00,1766779844641,2033,False,429,"HTTP 429: {""success"":false,""reason"":""business_error"",""detail"":""SEM-CSMF: SEM-CSMF erro HTTP 429: {\""detail\"": \""Rate limit exceeded\""}"",""phase"":""semantic"",""upstream_status"":429}"
C4_200-175-98aed71a,C4_200,175,2025-12-26T20:10:42.629155+00:00,1766779842629,2025-12-26T20:10:44.708391+00:00,1766779844708,2079,False,429,"HTTP 429: {""success"":false,""reason"":""business_error"",""detail"":""SEM-CSMF: SEM-CSMF erro HTTP 429: {\""detail\"": \""Rate limit exceeded\""}"",""phase"":""semantic"",""upstream_status"":429}"
C4_200-176-70e12740,C4_200,176,2025-12-26T20:10:42.646058+00:00,1766779842646,2025-12-26T20:10:44.730008+00:00,1766779844730,2084,False,429,"HTTP 429: {""success"":false,""reason"":""business_error"",""detail"":""SEM-CSMF: SEM-CSMF erro HTTP 429: {\""detail\"": \""Rate limit exceeded\""}"",""phase"":""semantic"",""upstream_status"":429}"
C4_200-177-43671105,C4_200,177,2025-12-26T20:10:42.728666+00:00,1766779842728,2025-12-26T20:10:44.802121+00:00,1766779844802,2074,False,429,"HTTP 429: {""success"":false,""reason"":""business_error"",""detail"":""SEM-CSMF: SEM-CSMF erro HTTP 429: {\""detail\"": \""Rate limit exceeded\""}"",""phase"":""semantic"",""upstream_status"":429}"
C4_200-178-dc0cd580,C4_200,178,2025-12-26T20:10:42.794663+00:00,1766779842794,2025-12-26T20:10:44.826496+00:00,1766779844826,2032,False,429,"HTTP 429: {""success"":false,""reason"":""business_error"",""detail"":""SEM-CSMF: SEM-CSMF erro HTTP 429: {\""detail\"": \""Rate limit exceeded\""}"",""phase"":""semantic"",""upstream_status"":429}"
C4_200-179-d167e975,C4_200,179,2025-12-26T20:10:42.812042+00:00,1766779842812,2025-12-26T20:10:44.896102+00:00,1766779844896,2084,False,429,"HTTP 429: {""success"":false,""reason"":""business_error"",""detail"":""SEM-CSMF: SEM-CSMF erro HTTP 429: {\""detail\"": \""Rate limit exceeded\""}"",""phase"":""semantic"",""upstream_status"":429}"
C4_200-180-7a7ddd83,C4_200,180,2025-12-26T20:10:42.829174+00:00,1766779842829,2025-12-26T20:10:44.924617+00:00,1766779844924,2095,False,429,"HTTP 429: {""success"":false,""reason"":""business_error"",""detail"":""SEM-CSMF: SEM-CSMF erro HTTP 429: {\""detail\"": \""Rate limit exceeded\""}"",""phase"":""semantic"",""upstream_status"":429}"
C4_200-181-dff166b2,C4_200,181,2025-12-26T20:10:42.900769+00:00,1766779842900,2025-12-26T20:10:44.996368+00:00,1766779844996,2096,False,429,"HTTP 429: {""success"":false,""reason"":""business_error"",""detail"":""SEM-CSMF: SEM-CSMF erro HTTP 429: {\""detail\"": \""Rate limit exceeded\""}"",""phase"":""semantic"",""upstream_status"":429}"
C4_200-182-bb9dc1f5,C4_200,182,2025-12-26T20:10:42.926840+00:00,1766779842926,2025-12-26T20:10:45.035830+00:00,1766779845035,2109,False,429,"HTTP 429: {""success"":false,""reason"":""business_error"",""detail"":""SEM-CSMF: SEM-CSMF erro HTTP 429: {\""detail\"": \""Rate limit exceeded\""}"",""phase"":""semantic"",""upstream_status"":429}"
C4_200-183-8716992c,C4_200,183,2025-12-26T20:10:43.009669+00:00,1766779843009,2025-12-26T20:10:45.115674+00:00,1766779845115,2106,False,429,"HTTP 429: {""success"":false,""reason"":""business_error"",""detail"":""SEM-CSMF: SEM-CSMF erro HTTP 429: {\""detail\"": \""Rate limit exceeded\""}"",""phase"":""semantic"",""upstream_status"":429}"
C4_200-184-d3c177a2,C4_200,184,2025-12-26T20:10:43.033724+00:00,1766779843033,2025-12-26T20:10:45.193805+00:00,1766779845193,2160,False,429,"HTTP 429: {""success"":false,""reason"":""business_error"",""detail"":""SEM-CSMF: SEM-CSMF erro HTTP 429: {\""detail\"": \""Rate limit exceeded\""}"",""phase"":""semantic"",""upstream_status"":429}"
C4_200-185-dd187879,C4_200,185,2025-12-26T20:10:43.111285+00:00,1766779843111,2025-12-26T20:10:45.224518+00:00,1766779845224,2113,False,429,"HTTP 429: {""success"":false,""reason"":""business_error"",""detail"":""SEM-CSMF: SEM-CSMF erro HTTP 429: {\""detail\"": \""Rate limit exceeded\""}"",""phase"":""semantic"",""upstream_status"":429}"
C4_200-186-dafc5787,C4_200,186,2025-12-26T20:10:43.137368+00:00,1766779843137,2025-12-26T20:10:45.301232+00:00,1766779845301,2164,False,429,"HTTP 429: {""success"":false,""reason"":""business_error"",""detail"":""SEM-CSMF: SEM-CSMF erro HTTP 429: {\""detail\"": \""Rate limit exceeded\""}"",""phase"":""semantic"",""upstream_status"":429}"
C4_200-187-6b9a2000,C4_200,187,2025-12-26T20:10:43.202613+00:00,1766779843202,2025-12-26T20:10:45.327368+00:00,1766779845327,2125,False,429,"HTTP 429: {""success"":false,""reason"":""business_error"",""detail"":""SEM-CSMF: SEM-CSMF erro HTTP 429: {\""detail\"": \""Rate limit exceeded\""}"",""phase"":""semantic"",""upstream_status"":429}"
C4_200-188-0dd9b13b,C4_200,188,2025-12-26T20:10:43.224334+00:00,1766779843224,2025-12-26T20:10:45.333170+00:00,1766779845333,2109,False,429,"HTTP 429: {""success"":false,""reason"":""business_error"",""detail"":""SEM-CSMF: SEM-CSMF erro HTTP 429: {\""detail\"": \""Rate limit exceeded\""}"",""phase"":""semantic"",""upstream_status"":429}"
C4_200-189-4bde5e87,C4_200,189,2025-12-26T20:10:43.295467+00:00,1766779843295,2025-12-26T20:10:45.337234+00:00,1766779845337,2042,False,429,"HTTP 429: {""success"":false,""reason"":""business_error"",""detail"":""SEM-CSMF: SEM-CSMF erro HTTP 429: {\""detail\"": \""Rate limit exceeded\""}"",""phase"":""semantic"",""upstream_status"":429}"
C4_200-190-3c654150,C4_200,190,2025-12-26T20:10:43.315312+00:00,1766779843315,2025-12-26T20:10:45.341458+00:00,1766779845341,2026,False,429,"HTTP 429: {""success"":false,""reason"":""business_error"",""detail"":""SEM-CSMF: SEM-CSMF erro HTTP 429: {\""detail\"": \""Rate limit exceeded\""}"",""phase"":""semantic"",""upstream_status"":429}"
C4_200-191-6a3f6da3,C4_200,191,2025-12-26T20:10:43.333363+00:00,1766779843333,2025-12-26T20:10:45.396515+00:00,1766779845396,2063,False,429,"HTTP 429: {""success"":false,""reason"":""business_error"",""detail"":""SEM-CSMF: SEM-CSMF erro HTTP 429: {\""detail\"": \""Rate limit exceeded\""}"",""phase"":""semantic"",""upstream_status"":429}"
C4_200-192-435fca40,C4_200,192,2025-12-26T20:10:43.402533+00:00,1766779843402,2025-12-26T20:10:45.401378+00:00,1766779845401,1999,False,429,"HTTP 429: {""success"":false,""reason"":""business_error"",""detail"":""SEM-CSMF: SEM-CSMF erro HTTP 429: {\""detail\"": \""Rate limit exceeded\""}"",""phase"":""semantic"",""upstream_status"":429}"
C4_200-193-096fe351,C4_200,193,2025-12-26T20:10:43.422770+00:00,1766779843422,2025-12-26T20:10:45.405162+00:00,1766779845405,1983,False,429,"HTTP 429: {""success"":false,""reason"":""business_error"",""detail"":""SEM-CSMF: SEM-CSMF erro HTTP 429: {\""detail\"": \""Rate limit exceeded\""}"",""phase"":""semantic"",""upstream_status"":429}"
C4_200-194-6ca438db,C4_200,194,2025-12-26T20:10:43.439461+00:00,1766779843439,2025-12-26T20:10:45.409301+00:00,1766779845409,1970,False,429,"HTTP 429: {""success"":false,""reason"":""business_error"",""detail"":""SEM-CSMF: SEM-CSMF erro HTTP 429: {\""detail\"": \""Rate limit exceeded\""}"",""phase"":""semantic"",""upstream_status"":429}"
C4_200-195-6a9f8cd8,C4_200,195,2025-12-26T20:10:43.510361+00:00,1766779843510,2025-12-26T20:10:45.412748+00:00,1766779845412,1902,False,429,"HTTP 429: {""success"":false,""reason"":""business_error"",""detail"":""SEM-CSMF: SEM-CSMF erro HTTP 429: {\""detail\"": \""Rate limit exceeded\""}"",""phase"":""semantic"",""upstream_status"":429}"
C4_200-196-cda4e3c2,C4_200,196,2025-12-26T20:10:43.619231+00:00,1766779843619,2025-12-26T20:10:45.416015+00:00,1766779845416,1797,False,429,"HTTP 429: {""success"":false,""reason"":""business_error"",""detail"":""SEM-CSMF: SEM-CSMF erro HTTP 429: {\""detail\"": \""Rate limit exceeded\""}"",""phase"":""semantic"",""upstream_status"":429}"
C4_200-197-6c465d24,C4_200,197,2025-12-26T20:10:43.634971+00:00,1766779843634,2025-12-26T20:10:45.418852+00:00,1766779845418,1784,False,429,"HTTP 429: {""success"":false,""reason"":""business_error"",""detail"":""SEM-CSMF: SEM-CSMF erro HTTP 429: {\""detail\"": \""Rate limit exceeded\""}"",""phase"":""semantic"",""upstream_status"":429}"
C4_200-198-2bce0944,C4_200,198,2025-12-26T20:10:43.710207+00:00,1766779843710,2025-12-26T20:10:45.421271+00:00,1766779845421,1711,False,429,"HTTP 429: {""success"":false,""reason"":""business_error"",""detail"":""SEM-CSMF: SEM-CSMF erro HTTP 429: {\""detail\"": \""Rate limit exceeded\""}"",""phase"":""semantic"",""upstream_status"":429}"
C4_200-199-0f47878b,C4_200,199,2025-12-26T20:10:43.731633+00:00,1766779843731,2025-12-26T20:10:45.422590+00:00,1766779845422,1691,False,429,"HTTP 429: {""success"":false,""reason"":""business_error"",""detail"":""SEM-CSMF: SEM-CSMF erro HTTP 429: {\""detail\"": \""Rate limit exceeded\""}"",""phase"":""semantic"",""upstream_status"":429}"
C4_200-200-30b3821e,C4_200,200,2025-12-26T20:10:43.798430+00:00,1766779843798,2025-12-26T20:10:45.423568+00:00,1766779845423,1625,False,429,"HTTP 429: {""success"":false,""reason"":""business_error"",""detail"":""SEM-CSMF: SEM-CSMF erro HTTP 429: {\""detail\"": \""Rate limit exceeded\""}"",""phase"":""semantic"",""upstream_status"":429}"
